"last_name, first_name","pitcher","ff_avg_spin","si_avg_spin","fc_avg_spin","sl_avg_spin","ch_avg_spin","cu_avg_spin","fs_avg_spin","kn_avg_spin","st_avg_spin","sv_avg_spin"
"Webb, Logan","657277","2054","1940","2235",,"1460",,,,"2605",
"Nola, Aaron","605400","2307","2240","2288",,"1558","2604",,,,
"Cease, Dylan","656302","2557","2655","2658","2780","1554","2723",,,"2891",
"Wheeler, Zack","554430","2431","2271","2531",,,"2716","1555",,"2571",
"Ragans, Cole","666142","2553","2567","2503","2542","2161","2471",,,,
"Lugo, Seth","607625","2368","2410","2438","2652","1854","3284","1431",,"2843","3115"
"Rodón, Carlos","607074","2384","1890","2399","2628","1656","2677",,,,
"Peralta, Freddy","642547","2436","2554",,"2345","1731","2204",,,,
"Irvin, Jake","663623","2377","2299","2551","2579","2225","2534",,,,
"Gilbert, Logan","669302","2034","1957","2245","1908",,"2278","640",,,
"Manaea, Sean","640455","2014","2038","2041","2054","1502",,,,"2169",
"Burnes, Corbin","669203","1805","2520","2738","2982","2037","2877",,,"2970",
"Gore, MacKenzie","669022","2309",,"2026","2157","2018","2399",,,"2256",
"López, Pablo","641154","2206","2104",,,"2108","2647",,,"2453",
"Kirby, George","669923","2233","2219","2301","2364","1544","2468","944","155",,
"Singer, Brady","663903","2364","2277","2450","2407","2074",,,,"2426",
"Bassitt, Chris","605135","2162","2101","2240","2376","1930","2290","1267",,"2341",
"Kikuchi, Yusei","579328","2289",,,"2396","1655","2471",,,,
"Berríos, José","621244","2164","2049","2257",,"1588",,,,,"2336"
"Anderson, Tyler","542881","2196","2194","2325","2380","1886","2146",,,,
"King, Michael","650633","2286","2263",,"2425","2045",,,,"2700",
"Fedde, Erick","607200","2076","1987","2150",,"1730",,,,"2356",
"Severino, Luis","622663","2220","2090","2297","2544","1583",,,,"2592",
"Brown, Hunter","686613","2297","2153","2311","2161","1463","2486",,,,
"Corbin, Patrick","571578","2149","2084","2296","2202","1574","1935","1133",,,
"Canning, Griffin","656288","2118","1975",,"2672","1770","2377",,,,
"Gausman, Kevin","592332","2287","2189",,"2239",,,"1764",,,
"Castillo, Luis","622491","2155","2008",,"2296","1894",,,,,
"Sears, JP","676664","2087","1889",,"2385","1675","2431",,,"2427",
"Bibee, Tanner","676440","2361","2081","2738",,"1992","2680",,,"2683",
"Cortes, Nestor","641482","2309","2239","2411","2434","1406",,,,"2577",
"Keller, Mitch","656605","2404","2443","2490","2496","2104","2652",,,"2786",
"Skubal, Tarik","669373","2226","2116",,"2105","1689","2322","930",,,
"Crawford, Kutter","676710","2505",,"2493",,,"2198","1102",,"2271",
"Quintana, Jose","500779","2073","2065",,,"1323","2227",,,,"2258"
"Sale, Chris","519242","2240","2088",,"2334","1881",,,,,
"Flexen, Chris","623167","2143","2241","2401","2563","1319","2576",,,"2601",
"Sánchez, Cristopher","650911",,"2111","2012","2019","2018",,,,,
"Pfaadt, Brandon","694297","2557","2398",,,"2074","2599","1641",,"2838",
"Morton, Charlie","450203","2249","2130","2445",,"2172","3085",,,,
"Gibson, Kyle","502043","2232","2027","2336",,"1712","2378",,,"2402",
"Fried, Max","608331","2225","2040","2355","2619","1421","2840",,,"2821",
"Blanco, Ronel","669854","2228",,,"2091","1485","2258",,,,
"Miller, Bryce","682243","2484","2406","2552","2541",,"2332","912",,"2258",
"Houck, Tanner","656557","2274","2191","2347",,,,"1836",,"2534",
"Heaney, Andrew","571760","2401","2443","2373","2509","2105","2536",,,,"2703"
"Bello, Brayan","678394","2192","2046",,"2276","1810",,,,"2364",
"Mikolas, Miles","571945","2253","2153",,"2322","1676","2520",,,"2385",
"Civale, Aaron","650644","2389","2242","2608","2789",,"3124","1973",,"2997",
"Ober, Bailey","641927","2303",,,"2071","2038","2094",,,"2018",
"Gil, Luis","661563","2438","2545",,"2506","1721",,,,,
"Stroman, Marcus","573186","2300","2244","2531","2654",,"2511","1917",,,"2660"
"Rea, Colin","607067","2174","2144","2191",,,"2139","1408",,"2206",
"Quantrill, Cal","615698","2188","2137","2369","2453","1555","2431","1038",,,
"Montas, Frankie","593423","2387","2256","2427","2556",,,"1515",,"2478",
"Eovaldi, Nathan","543135","2188",,"2275","2121",,"1933","1599",,,
"Gomber, Austin","596295","2180","2082",,"2409","1664","2555",,,,
"Wacha, Michael","608379","2131","2029","2082","2041","1548","2261",,,,
"Valdez, Framber","664285","2160","2153",,"2564","1677","2905",,,,
"Imanaga, Shota","684007","2442","1867","2387",,"1678","2414","1119",,"2512",
"Feltner, Ryan","663372","2354","2264",,"2461","1590","2662",,,"2453",
"Flaherty, Jack","656427","2258","2081",,"2469","1610","2440",,,,
"Greene, Hunter","668881","2378","2968",,"2378",,"2377","1202",,,
"Assad, Javier","665871","2036","1894","2047","2335","1434","2440",,,"2398",
"Gallen, Zac","668678","2293","1795","2394","2450","1533","2419",,,,
"Arrighetti, Spencer","681293","2306","2298","2498","2562","1675","2811",,,"2800",
"Littell, Zack","641793","2023","2031",,"2255",,,"862",,"2244",
"Gray, Sonny","543243","2515","2384","2708",,"1704","2646",,,"2690",
"Taillon, Jameson","592791","2283","2249","2526",,"1899","2692",,,"2733",
"Spence, Mitch","687765",,"1729","2590","2761","1449","2805",,,,
"Waldron, Matt","663362","2063","1972","2194",,,,,"244","2188",
"Eflin, Zach","621107","2204","2095","2215","2385","1596","2496",,,"2434",
"Lively, Ben","594902","2006","1966","2020","1978","1701","2001",,,"2003",
"Nelson, Ryne","669194","2216",,"2200","2463","1960","2441",,,"2551",
"Parker, Mitchell","680730","2191",,,"2295",,"2266","1000",,,
"Crochet, Garrett","676979","2500","2518","2603",,"2082",,,,"2455",
"Pivetta, Nick","601713","2311","2236","2341","2425",,"2814",,,"2477",
"Suárez, Ranger","624133","2010","1901","2065","2016","1231","2174",,,,
"Abbott, Andrew","671096","2254",,,"2613","2115","2790",,,"2730",
"Woods Richardson, Simeon","680573","2186",,,"2302","2271","2599",,,,
"Bradley, Taj","671737","2304",,"2265",,,"2524","1485",,,
"Rogers, Trevor","669432","2431","2366",,"2248","1621",,,,,
"Suárez, Albert","544150","2385",,"2198",,"2017","2359",,,,"2128"
"Pérez, Martín","527048","2088","1969","2206","2243","1672","2454",,,,
"Kremer, Dean","665152","2278","2104","2395",,,"2780","1017",,,
"Marsh, Alec","679525","2499","2389",,"2464","1748","2509",,,"2478",
"Stone, Gavin","694813","2237","2093","2341","2084","1665","2319",,,"2242",
"Myers, Tobias","668964","2225","1096","2213","2102","1856","2367",,,,
"Pepiot, Ryan","686752","2379","2128","2472","2527","2477","2583",,,,
"Ortiz, Luis L.","682847","2277","2279","2403","2441","1764",,,,,
"Falter, Bailey","663559","2038","1920",,"1978",,"1888","1530",,,
"Hendricks, Kyle","543294","2086","2010",,,"2170","2976",,,,
"Skenes, Paul","694973","2244",,,"2323","2044","2510","1760",,"2348",
"Martinez, Nick","607259","2342","2310","2374","2428","2105","2595",,,,
"López, Reynaldo","625643","2073",,,"2358","1561","2426",,,,
"Ryan, Joe","657746","2278","1952",,"2416",,,"2006",,"2728",
"Lorenzen, Michael","547179","2386","2250","2571","2669","2020","2609",,,"2630",
"Harrison, Kyle","690986","2203","2918","2165",,"1946","1784",,,,"1978"
"Steele, Justin","657006","2419","2387",,"2718","1625","2726",,,,
"Lynn, Lance","458681","2455","2378","2647",,"1761","2527",,,"2694",
"Cannon, Jonathan","686563","2195","2084","2300",,"1710",,,,"2594",
"Estes, Joey","683155","2374","2209","2579","2481","1655",,,,"2605",
"Glasnow, Tyler","607192","2556","2509",,"2714",,"2748",,,,
"Maeda, Kenta","628317","2284","2289","2478","2566",,"2778","1361",,"2637",
"Hicks, Jordan","663855","2126","1927",,,,,"925",,"2240",
"Pallante, Andre","669467","2248","2118",,"2371",,"2817",,,,
"Montgomery, Jordan","656756","2294","2133",,"2372","1606","2312",,,,
"Jones, Jared","683003","2537","1602",,"2584","1733","2686",,,,
"Schwellenbach, Spencer","680885","2265","2012","2368","2473",,"2398","1349",,,
"Rodriguez, Grayson","680570","2286",,,"2467","1740","2730",,,,
"Peterson, David","656849","2142","2150",,"2338","1637","2366",,,,
"Lodolo, Nick","666157","2333","2348",,,"2005","2629",,,,
"Olson, Reese","681857","2230","2105",,"2767","1978","2548",,,,
"Mize, Casey","663554","2260","2164","2148","2233",,"2123","1258",,,"2254"
"Snell, Blake","605483","2435","1120",,"2320","1816","2517",,,,
"Freeland, Kyle","607536","2355","2273","2331",,"1546","2432",,,,
"Irvin, Cole","608344","2026","2038","2128","2222","1563","2212",,,,
"Ureña, José","570632","2155","2138",,"2286","1801",,,,,
"Criswell, Cooper","681867",,"2024","2214","2442","1516",,,,"2498",
"Soriano, José","667755","2180","1888",,"2290",,"2454","1443",,,
"Cabrera, Edward","665795","2249","2184",,"2357","1644","2509",,,,
"Woo, Bryan","693433","2280","2212",,"2224","1928",,,,"2463",
"Paxton, James","572020","2090","2053","1960",,"1995","1938",,,,
"Carrasco, Carlos","471911","2181","2113",,"2472","1342","2742",,,"2489",
"Dunning, Dane","641540","2152","2086","2179","2267","1903","2299",,,,
"Vásquez, Randy","681190","2420","2392","2648","2913","2193","3155",,,"3062",
"Alexander, Tyler","641302","2294","2135","2373","2304","1582",,,,"2450",
"Allen, Logan","671106","2139","2051","2197",,"871",,,,"2246",
"Wilson, Bryse","669060","2100","2091","2075",,"1716","2418",,,,
"Gray, Jon","592351","2029",,,"2303","1517","2384",,,,
"Herz, DJ","687792","2325",,,"2217","2272","2150",,,,
"Musgrove, Joe","605397","2635","2505","2723","2687","2102","2871",,,"2862",
"Verlander, Justin","434378","2395","2444",,"2442","1779","2685",,,,
"Francis, Bowden","670102","2363","2113",,"2493",,"2339","1059",,,
"Detmers, Reid","672282","2131","2059",,"2243","1522","2469",,,,
"Spiers, Carson","686730","2325","2167","2461","2476","1658",,,,"2739",
"Montero, Keider","672456","2165","2163",,"2755","1762","2911",,,,
"Cole, Gerrit","543037","2362","2257","2487","2546","1457","2749",,,,
"Yarbrough, Ryan","642232","1882","1826","2011",,"1871",,,,"2178","2185"
"Hudson, Dakota","641712","2115","2054","2665","2542","1782","2591",,,,
"Rodríguez, Yariel","684320","2360","2296",,"2719",,"2762","1530",,,
"Muñoz, Roddery","682610","2269","2230","2339","2324","1720",,,,,
"Fulmer, Carson","608334","2273","2228",,"2492","1413","2669",,,"2640",
"Yamamoto, Yoshinobu","808967","2158","2216","2363","2721",,"2700","1326",,"2765",
"Paddack, Chris","663978","2214",,,"2032","1895","2133",,,,
"Schmidt, Clarke","657376","2672","2536","2713",,"2529","3070",,,"3033",
"Sandoval, Patrick","663776","2035","1961",,"2545","1699","2751",,,"2779",
"Soroka, Michael","647336","2528","2293",,"2811","2211",,,,,"2919"
"Walker, Taijuan","592836","2070","1932","2321",,,"2429","1376",,"2471",
"Tonkin, Michael","543859","2344","2281",,"2271",,,,,"2379",
"Avila, Pedro","658648","2247","2306",,"2743","1728","2725",,,"2696",
"Weathers, Ryan","677960","2318","2243",,"2405","1817",,,,"2472",
"Povich, Cade","700249","2320","2113","2485","2381","1718","2449",,,"2298",
"Birdsong, Hayden","806185","2291",,,"2485","1248","2867",,,,
"Weaver, Luke","596133","2462","2453","2503","2306","1870","2544",,,,
"Law, Derek","571882","2111","2097","2288","2294","1829","2137",,,,
"Williams, Gavin","668909","2311",,"2324","2324","2043","2381",,,,
"Megill, Tylor","656731","2218","2136","2149","2279","1580","2384","702",,"2489",
"Stripling, Ross","548389","2144","2032","2245","2347","1668","2476",,,,
"Liberatore, Matthew","669461","2116","2140","2537","2705","1672","2865",,,,
"Ashcraft, Graham","668933",,"2368","2415","2830","1919",,,,,
"Vodnik, Victor","680767","2279","2369",,"2268","1828",,,,,
"Holton, Tyler","663947","2294","2226","2363",,"1663","2664",,,"2649",
"Buehler, Walker","621111","2279","2140","2417","2569","1564","2566",,,"2698",
"McKenzie, Triston","663474","2229",,,"2167",,"2212",,,,
"Abreu, Bryan","650556","2356","2175",,"2914","1675",,,,,
"Shuster, Jared","694363","2192","2127",,"2259","1665",,,,,
"Cecconi, Slade","677944","2356",,"2321","2435","1913","2445",,,"2675",
"Miller, Erik","669062","2272",,,"2643","1782",,,,,
"Darvish, Yu","506433","2317","2210","2484","2722","1525","2619","1272",,"2732",
"Akin, Keegan","669211","2419",,,"2529","2039",,,,,
"Winckowski, Josh","670174","2144","2005","2187","2362","1692",,,,,
"Wentz, Joey","666214","2236",,"2456",,"2042","2603",,,,
"Buttó, José","676130","2404","2174",,"2614","1837",,,,"2541",
"Walker, Ryan","676254","2215","2279",,"2623",,,,,,
"Harris, Hogan","663687","2256","2273","2134",,"2065","2574",,,"2403",
"Blackburn, Paul","621112","2181","2026","2423",,"1746","2551",,,"2622",
"Robertson, David","502085",,"2367","2618","2734","2216","2707",,,,
"Hjelle, Sean","663546",,"2222","2259",,,"1968",,,,
"Baz, Shane","669358","2419",,,"2256","1787","2684",,,,
"Leclerc, José","600917","2534","2394","2607","2567","2038","2832",,,,
"Scott, Tayler","605463","2128","2172",,,,,"1508",,"2832",
"Ross, Joe","605452","2122","2160",,"1974","1880","2221",,,,
"Fernandez, Ryan","681676","2172","2037","2319","2571",,,,,,
"Beeks, Jalen","656222","2178","1626","2200",,"2029","2540",,,,
"Kinley, Tyler","641755","2364","2442",,"2614","1825",,,,,
"Ginkel, Kevin","656464","2420","2283",,"2485",,,,,,
"Richards, Trevor","670950","2248","2298",,"2175","2600",,,,,
"Martinez, Justin","679885","2229","2081",,"2361",,,"845",,,
"Bradford, Cody","674003","2100",,"2022","2072","1787","2029",,,,
"Banks, Tanner","621383","2257","2101",,"2380","1851",,,,"2356",
"Puk, A.J.","640462","2266","2155",,"2268","1960",,"1102",,"2289",
"Farmer, Buck","571656","2362","2356",,"2790","1792",,,,,
"Hader, Josh","623352","2365","2264",,"2444","1635",,,,,
"Smith, Cade","671922","2280",,,,,,"863",,"2046",
"Scott, Tanner","656945","2567","2163",,"2675",,,,,,
"Vest, Will","676684","2162","2016",,"2381","1631",,,,,
"Strickland, Hunter","519326","2317","2238","2810","2724","1812",,,,"2875",
"Sands, Cole","663485","2295","2210","2467",,,"2785","1426",,,
"Brieske, Beau","689225","2504","2488",,"2449","2105",,,,,
"Knack, Landon","689017","2448",,,"2628","1722","2917",,,"2702",
"Kelly, Merrill","518876","2381","2254","2387","2384","2175","2652",,,,
"Kopech, Michael","656629","2620",,"2508","2499",,,,,,
"Thornton, Trent","663423","2502","2347","2741","2803","2103","3137",,,"2942",
"Cruz, Fernando","518585","2281","2261","2446","2721",,,"870",,,
"Blach, Ty","621389","2075","2048","2292","1955","1965","2317",,,,
"Houser, Adrian","605288","2213","2073",,"2202","1541","1987",,,,
"Chapman, Aroldis","547973","2368","2368",,"2247",,,"1235",,,
"De Los Santos, Enyel","660853","2203","2362",,"2219","1909",,,,,
"Barnes, Jacob","606930","2465",,"2375","2190",,,,,,
"Doval, Camilo","666808","2455","2343","2425","2486",,,,,,
"Vesia, Alex","681911","2399","2630",,"2409","1568",,,,,
"Armstrong, Shawn","542888","2311","2124","2463",,,,,,"2597","2634"
"Adam, Jason","592094","2653","2096","2634","2716","2166",,,,"2687",
"Santana, Dennis","642701","2510","2437","2586","2552","2082","2902",,,,
"Festa, David","701581","2349",,,"2564","1839",,,,,
"Cronin, Declan","686539","2650","2581",,"2770",,,,,"2261",
"Bellozo, Valente","678368","2089",,"2470",,"2029","2704","1801",,"2681",
"Jiménez, Joe","641729","2398",,,"2186","2201",,,,,
"Kerkering, Orion","689147","2355","2219",,,,,,,"2899",
"Holmes, Clay","605280","2304","2194",,"2611",,,,,"2800",
"Luzardo, Jesús","666200","2209","2147",,"2330","1927","2103",,,,
"Rogers, Taylor","573124",,"2097",,,,,,,"2762",
"Lawrence, Justin","664875","2420","2349",,,,,,,"2945",
"Maton, Phil","664208",,"2263","2535","2734",,"3167",,,"2692",
"Wesneski, Hayden","669713","2114","2066","2499",,"1583",,,,"2647",
"Gaddis, Hunter","683769","2327",,,"2375","2154",,,,,
"Contreras, Roansy","672710","2328","2257",,"2421","1975","2639",,,"2523",
"Jax, Griffin","643377","2486","2451",,,"1884","3079",,,"3063",
"Finnegan, Kyle","640448","2085",,,"2027",,,"1004",,,
"Baumann, Mike","657508","2285","1986",,"2371","2130","2342",,,,
"Williams, Trevor","592866","2191","1896",,"2174","1637",,,,"2196",
"Morejon, Adrian","670970","2487","2418",,"2752",,"2710",,"843","2708",
"Domínguez, Seranthony","622554","2400","2306",,"2438","1908",,,,"2486",
"Pearson, Nate","663878","2254","2124",,"2521",,"2672","617",,,
"Cleavinger, Garrett","664076","2342","2398","2519","2604",,,,,"2841",
"Bido, Osvaldo","674370","2386","2275","2190","2175","2098",,,,,
"Miller, Bobby","676272","2296","2256",,"2383","2248","2651",,,,
"Alvarado, José","621237","2078","2070","2099",,,"2587",,,,
"Matsui, Yuki","673513","2439","2540",,"2713",,"2730","1452",,"2830",
"Molina, Anthony","683627","2114",,"2049","2025","1841","2359",,,,
"Chavez, Jesse","445926",,"1988","2201","2412","1882","2558",,,,
"Milner, Hoby","571948","2017","1973",,,"1708",,,,"1924","1928"
"Lambert, Peter","663567","2234","2235","2325","2391","1462","2367",,,,"2620"
"Kelly, Kevin","687330","2179","2167","2306",,,,,,"2574",
"Cabrera, Génesis","650893","2263","2238","2089",,"1736","2184",,,,
"Weissert, Greg","669711","2292","2085","2329","2477","1852",,,,"2931",
"Kittredge, Andrew","552640","2520","2286","2661","2634","2228",,,,,
"Mears, Nick","683232","2318",,,"2534",,"2537",,,,
"Yates, Kirby","489446","2357",,,"2294",,,"1288",,,
"Holmes, Grant","656550","2308",,"2446","2736","1892","2843",,,,
"Miller, Mason","695243","2508",,,"2260","1891",,"2264",,,
"Bednar, David","670280","2468",,,,,"2433","1681",,,
"Barlow, Scott","605130","2386","2274",,"2719",,"2598",,,"2552",
"Suter, Brent","608718","2223","2131",,"2251","1596",,,,,
"Floro, Dylan","571670","2169","2085",,"1963","1813",,,,,
"Koenig, Jared","657649","2374","2311","2455",,"1640","2520",,,,
"Smyly, Drew","592767","2220","2160","2148",,,"2283",,,,
"Anderson, Chase","502624","2242","2298","2439",,"2301","2188",,,"2472",
"Leiter Jr., Mark","643410","1972","1974","2133",,"1773","2321","769",,"2300",
"Hancock, Emerson","676106","2386","2323","2196","2209","1880",,,,"2297",
"Herrin, Tim","682120","2405","2221",,"2276",,"2393",,,,
"Cano, Yennier","666974","2297","2081",,"2453","1738",,,,,
"Neris, Héctor","593576","2401","2277",,"2032",,,"1098",,,
"Faedo, Alex","656412","2459","2202",,"2677","1873",,,,,
"Jarvis, Bryce","686826","2107","2074","2484","2621","1993","2375",,,,
"Ottavino, Adam","493603","2366","2199","2667","2840","1745","2910",,,"2721",
"Sandlin, Nick","680704","2356","2179",,"2543",,,"1588",,,
"Estrada, Jeremiah","669093","2224","2066",,"2279",,,"1374",,,
"Rogers, Tyler","643511","1961","1948",,"2369",,,,,,
"Hoffman, Jeff","656546","2610","2524",,"2830",,,"1719",,,
"Hudson, Daniel","543339","2494","2430",,"2567","2399",,,,,
"Stratton, Chris","608717","2405","2315",,"2802","2064","3106",,,"3094",
"Brebbia, John","605154","2283",,,"2650",,,,,,
"Suarez, José","660761","2341","2146","2511","2634","1546","2787",,,"2740",
"Faucher, Calvin","676534","2324",,"2838",,,"2918",,,"2896",
"Clase, Emmanuel","661403",,"2520","2583","2571",,,,,,
"Hill, Tim","657612","2157","2096",,"2060",,,,,,
"Strahm, Matt","621381","2496","2425","2533","2720","1375",,,,,
"Garrett, Reed","657585","2342","2264","2464",,,,"1542",,"2764",
"Kuhl, Chad","641771","2191","2110","2255","2495","1679",,,,"2667",
"Thompson, Ryan","657044","2184","2027",,"2158",,,,,,
"Stanek, Ryne","592773","2330","2262",,"2435",,,"967",,,
"Díaz, Alexis","664747","2613",,,"2627",,,,,,
"Suarez, Robert","663158","2422","2377","2244",,"1751",,,,,
"Bummer, Aaron","607481","2302","2188","2369",,"1762","2461",,,"2503",
"Voth, Austin","608723","2303",,"2374",,,"2851",,,"2701",
"Pressly, Ryan","519151","2557","2411",,"2743","2071","3258",,,,
"Meyer, Max","676974","2386","2360",,"2588","1700",,,,"2671",
"Chafin, Andrew","605177","2170","2131",,"2566",,,,,,
"Boyle, Joe","671212","2506",,,"2594",,"2474",,,"2631",
"Kimbrel, Craig","518886","2316",,,,"1686","2596",,,"2639",
"Soto, Gregory","642397","2276","2305","2372","2465",,,,,"2561",
"Kelly, Zack","677161","2168",,"2486",,"2177",,,,"2793",
"Bender, Anthony","669622","2337","2261","2310","2655","1799",,,,"2700",
"Muñoz, Andrés","662253","2256","2007",,"2247",,,,,,
"Zerpa, Angel","672582","2037","2092",,"2546","1574","2609",,,,
"Nicolas, Kyle","693312","2377",,,"2476",,"2526",,,,
"Erceg, Lucas","668674","2173","1907",,"2060","2012",,,,,
"Garcia, Robert","676395","2226","2202",,"2324","1680",,,,,
"Anderson, Justin","605121","2271","1978","2473","2437",,,,,,
"Junis, Jakob","596001","2217","2160","2383","2548","1394",,,,,
"Ferguson, Caleb","657571","2218","2148","2544",,,,,,"2962","2946"
"Rainey, Tanner","663432","2399",,,"2295","1401",,,,,
"Miller, Tyson","668338","2169","2075",,,"1978","2562",,,"2513",
"Webb, Jacob","657097","2466",,,,"2190",,,,"2390",
"Helsley, Ryan","664854","2551",,,"2404",,"2487",,,,
"Alcala, Jorge","660896","2472","2140",,"2504","2384",,,,,
"Iglesias, Raisel","628452","2296","2320",,"2644","2044",,,,,
"Hudson, Bryan","663542","2287",,"2206",,,,,,"2042",
"Romero, JoJo","668941","2253","2113","2467","2736","1575",,,,,
"Jackson, Luke","592426","2295",,"2294","2264",,"2403",,,,
"Phillips, Evan","623465","2399","2256","2428",,,,,,"2643",
"Johnson, Pierce","572955","2330",,"2602",,,"2980",,,,
"Turnbull, Spencer","605513","2499","2255",,"2654","1982","2744",,,"2717",
"Díaz, Edwin","621242","2349",,,"2296",,,,,,
"Nardi, Andrew","677053","2294",,,"2308","1759",,,,,
"Harvey, Hunter","640451","2045",,,"2381",,"2041","1018",,,
"Roupp, Landen","694738","2014","2086",,"2742","1819","2964",,,,
"Foley, Jason","671345","2208","2030",,"2215","1780",,,,,
"McArthur, James","663704","2402","2285",,"2264",,"2783",,,,
"Varland, Louis","686973","2157","2017",,"2468","1680","2403",,,,
"Payamps, Joel","606303","2449","2272",,"2672","2137",,,,,
"Brazobán, Huascar","623211","2199","2235","2362",,"1956",,,,,
"García, Luis","472610","2189","2165","2273","2335",,,"1369",,"2396",
"Smith, Burch","572143","2283","2147","2315",,"1810","2405",,,"2310",
"Schreiber, John","670167","2111","2122","2321",,"1659",,,,"2497",
"Martin, Davis","663436","2384",,"2581","2760","2017","2630",,,,
"Thielbar, Caleb","573204","2275",,,"2259",,"2487",,,"2465",
"Sims, Lucas","608371","2613",,"2740","2994",,"3223","1939",,"3150",
"Duran, Jhoan","661395","2035",,,,,"2571","1681",,"2440",
"Rodríguez, Randy","678495","2518","2560",,"2762","1957",,,,,
"Holderman, Colin","670059","2389","2275","2467",,,,,,"2520",
"Mantiply, Joe","573009","2147","2196",,,"1674","2467",,,,
"Rodriguez, Eduardo","593958","2266","2300","2260","2147","1953",,,,,
"Mlodzinski, Carmen","669387","2289",,"2437","2574","1959",,,,"2651",
"Pérez, Cionel","672335","2134","2140",,,,"2497",,,,"2575"
"Elder, Bryce","693821","2154","2001","2512","2438","2219",,,,,
"Bernardino, Brennan","657514",,"2171","2329","2430",,"2753",,,,
"Kochanowicz, Jack","686799","2164","2044",,"2725","2058",,,,"2784",
"Lee, Dylan","669276","2251",,,"2067","1634",,,,,
"King, John","667463","2225","2184",,"2706","1635",,,,,
"Moore, Matt","519043","2249",,"2243",,"1924","2216",,,,
"Wicks, Jordan","696136","2315","2151",,"2605","1513","2797",,,"2740",
"Miller, Shelby","571946","2418",,,"2283",,,"1827",,,
"Brown, Ben","676962","2222",,,,"1666","2268",,,,
"Winn, Keaton","676775","2303","2270",,"2267",,,"1596",,,
"Dubin, Shawn","681869","2343","2244","2744",,"1591","2695",,,"2922",
"Green, Chad","643338","2460","2103","2398","2278",,,,,,
"Martinez, Seth","661527","2112","2019",,,"1625",,,,"2416",
"McFarland, T.J.","519008",,"1966","2089",,"1736",,,,"2379",
"Ruiz, José","614179","2316","2164",,"2337","1829","2146",,,,
"Peguero, Elvis","665625",,"1871",,"2618",,"1928",,,,
"Grove, Michael","675627","2429","2302","2415","2380",,"2593",,,,
"Estévez, Carlos","608032","2124",,,"2222","1634","2229",,,,
"Ferguson, Tyler","621053","2350","2127","2419",,"1733",,,,"2492",
"Wilson, Justin","458677","2213",,"2382","2347",,,"1414",,,
"Latz, Jacob","656641","2337",,,"2694","2025","2686",,,,
"Priester, Quinn","682990","2219","2065","2456","2462","1500","2657",,,,
"Slaten, Justin","686580","2394",,"2427",,,"2675",,,"2599",
"Adams, Austin","613534","2666","2598",,"2967",,,,,,
"López, Jorge","605347","2024","1968",,"2367","1694","2457",,,,
"Jansen, Kenley","445276",,"2268","2629","2428",,,,,"2584",
"Kolek, Stephen","663568","2257","2213","2346","2458","1792",,,,"2481",
"Scott, Christian","681035","2235",,,"2392",,,"1349",,"2513",
"Hoeing, Bryan","663773","2059","1961",,"2188",,,"1011",,,
"Hall, DL","669084","2133","2082","2448","2440","2079","2565",,,,
"Banda, Anthony","607455","2184","2105",,"2399","1670",,,,,
"Ramírez, Yohan","670990","2336","2210",,,,"2396",,,"2537",
"Bivens, Spencer","702352","1971","1875","2158","2104","1500",,,,"2211",
"Hernández, Jonathan","642546","2282","2236",,"2478","2099",,,,,
"Wood, Alex","622072","1908","1945",,"2051","1665",,,,,
"Matz, Steven","571927","2000","2198",,"2118","2319","2251",,,,
"Kahnle, Tommy","592454","2146","2072",,"2273","1241",,,,,
"Pop, Zach","647315","2296","2223","2228","2613",,,,,,
"Keller, Brad","641745","2242","2112",,"2560","1674","2504",,,"2659",
"Vieira, Thyago","600986","2282","2225",,"2294","1868",,,,,
"Treinen, Blake","595014","2437","2294","2533",,,,,,"2548",
"Nastrini, Nick","680897","2370",,,"2235","1888","2360",,,,
"Weems, Jordan","607179","2102",,,"2193",,"2406","1207",,,
"Mayza, Tim","641835","2021","2057","2234","2279",,,,,,
"Muller, Kyle","666205","2371",,,"2014","1645","2214",,,,
"Thorpe, Drew","689672","2190",,"2399","2394","2114",,,,"2500",
"Medina, Luis","665622","2369","2400",,"2338","1600","2634",,,,
"Matthews, Zebby","805673","2230",,"2403","2349","1550","2369",,,,
"McCaughan, Darren","670766","2147","2095",,,"1367",,,,"2540",
"Cantillo, Joey","676282","1881",,,"2070","1513","2681",,,,
"Oller, Adam","670124","2201","2083",,"2362","1457","2228",,,,"2331"
"Henry, Tommy","674072","2159","2073",,"2088","1498","2262",,,,
"Long, Sam","669674","2346","2325",,"2306",,"2594","1731",,,
"Young, Danny","664849",,"2359","2397",,,,,,"2812",
"Fairbanks, Pete","664126","2341",,,"2548","1962",,,,,
"Little, Brendon","663893",,"2069","2292",,,"1985",,,,
"Leahy, Kyle","681517","2273",,,"2394","1580","2333",,,"2563",
"Booser, Cam","592155","2087",,"2031",,,,,,"2029",
"Bird, Jake","656234","1971","2025","2494","2696","1969","2859",,,"2740",
"Montero, Rafael","606160","2425","2279",,"2424","2090",,,,,
"Snider, Collin","676092","2576","2518","2634",,,,,,"2720",
"Bradish, Kyle","680694","2397","2194",,"2650",,"2626",,,,
"Smith, Will","519293","2215",,,"2402","2007","2159",,,,
"Uceta, Edwin","670955","2394","1232","2546",,"2186","2471",,,"2499",
"Scherzer, Max","453286","2299",,"2408","2355","1384","2683",,,,
"Boyd, Matthew","571510","2341","2335",,"2490","1863","2364",,,,
"Leiter, Jack","683004","2347","2421","2378","2542","1920","2622",,,,
"Megill, Trevor","656730","2456","2270",,,,"2772",,,,
"Swanson, Erik","657024","2271",,,"2317",,,"1221",,,
"Black, Mason","696131","2128","2083","2269","2295","1584",,,,"2488",
"Martin, Chris","455119","2172","2101","2206",,,,"1525",,"2271",
"Funderburk, Kody","681892",,"2277","2307",,"1836",,,,"2436",
"Morgan, Eli","669212","2252",,,"2396","2148",,,,,
"Hurter, Brant","676428","2081","2147",,,"1608",,,,"2633",
"Cousins, Jake","664776","2248","2360",,"2622",,,,,,
"Tinoco, Jesus","622786","2358","2263","2384","2449","1567",,,,,
"Hodge, Porter","687863","2409",,,,,,"1022",,"2743",
"Curry, Xzavion","675540","2090",,,"2423","1569","2433","1106",,"2494",
"Lynch IV, Daniel","663738","2207","2103","2156","2295","1624","2239",,,,
"Sewald, Paul","623149","2515",,,,"1792",,,,"2519",
"Diekman, Jake","518617","2299","2186",,,"1687",,,,"2858",
"Brito, Jhony","666745","2139","2131",,"2057","1760","2112",,,"2237",
"Saucedo, Tayler","642048","2419","2291",,"2316","2199","2400",,,"2302",
"Moll, Sam","594580","2564","2333",,,"1617",,,,"2979",
"Wilson, Steven","621051","2439",,"2553",,"1968",,,,"2583",
"Sánchez, Sixto","664350","2119","2061","2301",,"1783",,,,,
"García, Yimi","554340","2586","2366",,"2591","2072","2839",,,"2699",
"Hamilton, Ian","641656","2265","2111",,"1557",,,,,,
"Woodford, Jake","663765","2203","2179","2254",,"1472",,,,"2582",
"Okert, Steven","595345","2199","2268",,"2571","1851",,,,,
"Peralta, Wandy","593974","2157","2151",,"2259","2158",,,,,
"Gordon, Tanner","685299","2186",,,"2090","2134","2275",,,,
"Rodríguez, Manuel","655889","2346","2153",,"2333",,,,,"2366",
"Otañez, Michel","671305","2443","2256",,"2017",,,,,,
"Roycroft, Chris","688297","2210","2152",,,,,,,"2264",
"Honeywell, Brent","641703","2162","2179",,"2369","2005",,,,"2520",
"Pagán, Emilio","641941","2553",,"2435",,,,"1250",,,
"Wrobleski, Justin","680736","2367","2175",,"2293","1704","2376",,,"2372",
"Tate, Dillon","622253",,"1978",,,"1679",,,,"2453",
"Garrett, Braxton","666129","2237","2059","2356","2328","1407","2200",,,,
"Stratton, Hunter","676702","2608","2525","2695","2691",,,,,,
"Mazur, Adam","800049","2109","1889",,"2385","1583","2443",,,"2552",
"Tyler, Kyle","667725","2107","2174","2216","2494","1609","2426",,,,
"Phillips, Tyler","663969","2314","2095",,,,"2559","1276",,"2415",
"McGough, Scott","543518","2356","2343",,"2594",,,"1226",,,
"Burke, Brock","656271","2242","2033",,"2235","2090",,,,,
"Anderson, Nick","623433","2178","2103",,,"1699","1975",,,,
"Burr, Ryan","621114","2178","2312",,"2542",,,,,,
"Javier, Cristian","664299","2301",,,,"2397","2994",,,"2622",
"Ray, Robbie","592662","2320",,,"2168",,"2159",,,,
"Alexander, Scott","518397",,"2172",,"2554","1381",,,,,
"Springs, Jeffrey","605488","2127",,"2056","2131","1383",,,,"2250",
"Leasure, Jordan","673929","2274",,,"2413",,"2856",,,,
"Hernández, Carlos","672578","2411",,,"2179",,"2427","1572",,"2320",
"Kelly, Joe","523260","2177","2137",,"2871","2078","3006",,,,
"Blalock, Bradley","687134","2022",,"2320","2478",,"2601","1278",,,
"Gonzales, Marco","594835","2089","2079","2037",,"2134","2139",,,,
"Poche, Colin","621363","2226",,,"2446",,,,,,
"Joyce, Ben","690829","2291","1707",,"2722","1379",,,,,
"Thompson, Keegan","624522","2513","2511","2666",,"1501","2697",,,"2825",
"Howard, Spencer","675921","2096",,,"2125","1529","1980",,,,
"Devenski, Chris","606965","2392","2159","2218",,"1698",,,,"2242",
"Fleming, Josh","676596",,"1767","1941",,"1561","2279",,,,
"Aguiar, Julian","687924","2092","2060",,"2188","1523","2040",,,,
"Chargois, JT","608638","2369","2282",,"2600","1611",,,,,
"Lovelady, Richard","663992","2344","2166",,"2254",,,,,"2144",
"Minter, A.J.","621345","2421",,"2488",,"1670",,,,,
"Núñez, Dedniel","673380","2520",,,"2607","2034","2764",,,,
"Soriano, George","666277","2124",,,"2698","1813",,,,,
"Chirinos, Yonny","630023","2194","2076",,"2458",,,"1426",,,
"Ginn, J.T.","669372","1990","1999","2037","2174","1508",,,,,
"Chivilli, Angel","683409","2258",,,"2077","1793",,,,,
"Bielak, Brandon","656232","2432","2239",,"2371","2040","2434",,,"2452",
"Daniel, Davis","669721","2122",,,"2350","1836","2330","1072",,,
"Santillan, Tony","663574","2362",,,"2284","1425",,,,,"2250"
"Kershaw, Clayton","477132","2270","2158",,"2436","1917","2236","1604",,,
"Lowder, Rhett","695076","2349","2195",,"2765","1843",,,,,
"Bowman, Matt","621199","2044","2069","2186",,,,"1155",,"2623",
"Salazar, Eduardo","674285","2221","2016",,"2013","1954","1442",,,,
"Garabito, Gerson","642520","2390","2303",,"2496","1870","2612",,,,
"Toussaint, Touki","657053","2211","2187",,,,"2468","1631",,,
"Ashby, Aaron","676879","2215","2120",,"2541","1775","2636",,,,
"Anderson, Grant","681982","2357","2201","2423","2436","1612",,,,,
"Marte, Yunior","628708","2398","2369","2260","2609",,,"2259",,,
"Ferrer, Jose A.","678606","2155","2097",,"2472","2067",,,,,
"Roberts, Ethan","681799","2478","2422","2584",,,,,,"3052",
"Kelly, Michael","547184","2350","2115",,"2686","2016",,,,"2751",
"Allen, Logan","663531","1975","1869","2140",,,"2499","1076",,"2428",
"Díaz, Yilber","700270","2259","1874",,"2722",,"2295",,,,
"Bubic, Kris","663460","2364","2177",,"2592","1781",,,,"2617",
"France, J.P.","641585","2366","2339","2784",,"1984","2537",,,"2627",
"Coulombe, Danny","543056","2398","2366","2639",,,"2704",,,"2677",
"Rasmussen, Drew","656876","2535","2422","2779",,,,,,"2655",
"Warren, Will","701542","2503","2405","2867",,"1641",,,,"2960",
"Varland, Gus","681402","2370","2262",,"2256","1563",,,,,
"Jackson, Jay","543351","2245","2244",,"2224","1678",,,,,
"Jiménez, Dany","666204","2179",,,"2344","1510",,,,,
"Hanifee, Brenan","669724","2073","1984",,"2168","1706",,,,,
"Bazardo, Eduard","660825","2102","2139",,"2529",,,"1752",,,
"Little, Luke","681432","2240","2426",,,,,"1205",,"2374",
"Rodríguez, Yerry","666720","2440","2310",,"2508","1905",,,,,
"Manning, Matt","666159","2229",,,"2336",,"2298","1673",,"2322",
"Crouse, Hans","668968","1635","2284",,"2205","1431",,,,,
"Allard, Kolby","663465","2041","1967","2111",,"1591","1886",,,,
"Ellard, Fraser","686642","2572","2328","2392","2417","1913",,,,,
"Speier, Gabe","642100","2187","2011",,"2110","1689",,,,"2013",
"Staumont, Josh","622251","2357","2214",,"2577",,"2667",,,,
"King, Bryan","687911","2222","1964",,,,"2324",,,"2343",
"Cimber, Adam","643256","2264","2217",,"2543",,,,,,
"White, Mitch","669952","2258","2251",,"2317",,"2570",,,"2529",
"Madden, Ty","680744","2293","2158","2394","2557",,"2555","1372",,,
"Brooks, Aaron","605156","1998","1888",,"2500","1806","2242",,,,
"Rosenberg, Kenny","670046","2189",,"2373",,"1640","2619",,,,
"Gallegos, Giovanny","606149","2313","2269",,"2283","1651",,,,,
"Gasser, Robert","688107","2183","2043","2430",,"1985",,,,"2497",
"Marinaccio, Ron","676760","2210","1497",,,"2096",,,,"2368",
"Manoah, Alek","666201","2397","2248",,"2226","2169",,,,,
"Williams, Devin","642207","2356",,"2463",,"2720",,,,,
"Brewer, Colten","605155","2231","2089","2433","2565",,"2848",,,"2629",
"González, Victor","624647","2584","2218",,"2323","1945",,,,,
"Festa, Matt","670036","2449",,"2478",,,,,,"2638",
"Reid-Foley, Sean","656887","2207",,,"2129","1221",,,,,
"Poteet, Cody","547001","2415","2241",,,"1992","2770",,,"2672",
"Kerr, Ray","678061","2313",,"2029",,,"1966","1523",,,
"Quijada, José","650671","2230","2152",,"2431","1612",,,,,
"Lange, Alex","656638","2298","2217",,,"1727","2257",,,,
"Brasier, Ryan","518489","2231","2202","2338","2418",,,,,,
"Sammons, Bryan","676614","2121",,"2166",,"1148","2231",,,"2391",
"Germán, Domingo","593334","2596","2550",,,"2441","2689",,,,
"Ramirez, Emmanuel","642629","2292",,,"2630",,,"550",,,
"Baker, Bryan","641329","2271",,,"2341","1871","2209",,,,
"Ort, Kaleb","672391","2437",,"2327",,"2032",,,,"2537",
"Davis, Noah","663562","2373","2249","2299",,"1971","2874",,,"2731",
"Englert, Mason","669438","2196","2092","2200","2183","2054",,,,,"2502"
"Petersen, Michael","656848","2265","2292","2139","2134","1720",,,,,
"Leone, Dominic","608678","2316","2106","2513","2523","1682",,,,"2505",
"Criswell, Jeff","676105","2329",,,"2379","2174","2618",,,,
"Hentges, Sam","656529","2229","2163",,"2229",,"2453",,,,
"Hughes, Brandon","676714","2350","2257",,"2501",,,,,,
"Basso, Brady","669620","2317","2189","2257",,"2026","2256",,,,
"Berroa, Prelander","672860","2362","2391",,"2452",,,,,,
"Walston, Blake","686796","2090","2075","2144",,"1307","2589",,,"2372",
"Ryan, Ryder","656924","2354","2308",,"2344","1624",,,,,
"Hernández, Daysbel","678226","2368","2426",,"2783",,,,,,
"Pennington, Walter","679156","2241","2234","2257","2278",,,,,,
"Alzolay, Adbert","640470","2326","2192","2507","2496","1852",,,,,
"Smith, Drew","622098","2554",,"2730","2833","1821","2728",,,,
"Bush, Ky","681066","2150",,,"2442","2062","2455",,,,
"Taylor, Troy","700187","2405",,,,"1838",,,,"2670",
"Sauer, Matt","669422","2132","2083",,,,"2531","1188",,"2473",
"Cosgrove, Tom","676680","2400","2295",,,,,,,"2679",
"Nance, Tommy","667297","2360","2360",,"2643",,"2866",,,,
"Whitlock, Garrett","676477",,"2011","1885","2012","2119",,,,"2147",
"Means, John","607644","2378",,,"2269","2151","2181",,,,
"Paredes, Enoli","660600","2455","2331",,"2808",,,,,,
"Cuas, Jose","621016","2368","2468",,,"1787",,,,"2550",
"Blewett, Scott","656240","2302",,,"2172",,,"1089",,,
"Thompson, Zack","668868","1750",,,"2018",,"2660",,,,
"Fitts, Richard","690916","2436",,,"2437",,,"1155",,"2455",
"Cisnero, José","542585","2418","2237","2503","2465","1456",,,,,
"Bolton, Cody","675989","2349","2256","2627",,"1999",,,,"2695",
"McGreevy, Michael","700241","2209","2141","2263",,"1630","2534",,,"2425",
"Marte, José","665896","2265","2040",,"2629","1870",,,,,
"Burke, Sean","680732","2546","2544",,"2395","1806","2504",,,,
"Keuchel, Dallas","572971",,"2041","2320","2548","1707",,,,,
"Henriquez, Ronny","678692","2444","2388",,"2470","1632",,,,,
"Clevinger, Mike","605182","2357","2285","2424",,"1498","2178",,,"2341",
"Horn, Bailey","690544","2411",,"2558",,,"2966",,,"2845",
"Ramírez, Erasmo","541640","2238","2200","2323",,"1581","2337",,,,
"Emanuel, Kent","592288",,"2029",,"2290","1714",,,,"2364",
"Bigge, Hunter","685801","2370","2340",,"2272",,"2212",,,"2399",
"Maldonado, Anthony","687424","2370",,"2548","2651",,,,,,
"Ryan, River","689981","2433","2237","2467","2502","1696","2588",,,,
"Sulser, Cole","642121","2338",,"2312",,"1649",,,,"2474",
"Holman, Grant","680880","1923",,,"1971",,,"1149",,,
"Zulueta, Yosver","691172","2178","2178",,"2800","2145",,,,"2872",
"Winn, Cole","668390","2400","2306",,"2576",,"2815","1560",,,
"Sborz, Josh","622250","2394",,,"2088",,"2233",,,,
"García, Deivi","665620","2256",,,,"2146","2742",,,"2891",
"Peralta, Sammy","671111","2155",,,"2339","1829",,,,"2433",
"Jefferies, Daulton","641726","2369","2174","2370","2609","1607",,,,,
"Merryweather, Julian","657240","2236",,,"2153","1376",,,,"2387",
"La Sorsa, Joe","686747","2136","2040","2046",,"1684",,,,"2108",
"Zuñiga, Guillo","670871","2286","2316",,"2546","1890",,,,,
"Stewart, Brock","592779","2589","2318","2431",,"1431",,,,"2601",
"Almonte, Yency","622075","2147","2140","2211",,"1931",,,,"2581",
"Young, Alex","622065","2458","2228",,"2293","1453","2361",,,,
"Beede, Tyler","595881","1858","1722",,,,"2106","1230",,,
"Palencia, Daniel","694037","2239","2190",,"2014",,,"1015",,,
"Mercado, Michael","675650","2288",,"2107",,"1467","2413","1530",,,
"Wells, Tyler","669330","2377",,"2432","2425","2305","2657",,,,
"Uribe, Abner","682842","2425","2297",,"2613",,,,,,
"Vines, Darius","670241","2226",,"2401","2411","1491","2664",,,,
"Williamson, Brandon","682227","2134",,"2405",,"1793","2628",,,"2471",
"Heller, Ben","621294","2345","2176","2181","2182","1461",,,,"2468",
"Hernández, Elieser","622694","2251","2119","2182","2102","2053",,,,,
"Rodríguez, Joely","570257",,"1933",,,"1160",,,,"2211",
"Lucas, Easton","687922","2207",,"2179","2231","1255",,,,"2279",
"Anderson, Shaun","641312","2507","2374",,"2629","1547",,,,"2812",
"Guenther, Sean","674944","2090","2067",,"2403",,,"1021",,,
"Veneziano, Anthony","685107","2261","1992",,"2293","1714",,,,"2434",
"Cobb, Alex","502171","2091","2015",,,,"2724","1526",,,
"Beck, Tristan","663941","2086",,,"2417",,"2304",,,"2698",
"Bloss, Jake","814005","2439","2235",,"2534","1438","2700",,,"2409",
"Barnes, Matt","598264","2124",,,,,"1867","1438",,,
"Rodriguez, Carlos","692230","2193","2089","2130","2252","1759","2317",,,,
"Castro, Miguel","612434","2213","2124",,"2835","1955",,,,,
"Jacob, Alek","689690","2331","2318",,,"2118",,,,"2290",
"Mahle, Tyler","641816","2317",,"2384","2422",,,"2103",,,
"Frías, Luis","666818","2227","2188","2241","2379",,,,,,
"Avila, Nick","687014","2212","2215","2305","2328",,"2325",,,,
"Reynolds, Sean","669308","2444",,,"2416","1643",,,,"2472",
"Aldegheri, Sam","691951","2289",,,"2385","1805","2136",,,,
"Waguespack, Jacob","621097","2137",,"2061",,"1568","2278",,,,
"Pinto, Ricardo","620982","2064","1966",,"2187",,,"1397",,"2161",
"Miller, Ryan","668943","2146",,,"2382",,,,,"2342",
"Senzatela, Antonio","622608","2187","2132",,"2208","2157","2330",,,,
"Rocker, Kumar","677958","2146","2115",,"2231","1474","2220",,,,
"Robertson, Nick","687798","2096",,"2457","2497","1684",,,,"2601",
"Romano, Jordan","605447","2247",,,"2019",,,,,,
"Walker, Josh","677020","2268","2133",,,,"2119",,,,
"Gómez, Yoendrys","672782","2349",,,"2431","1807","2555",,,"2553",
"Lazar, Max","676661","2325",,"2362","2446",,"2409",,,,
"Burdi, Nick","595897","2387","2107",,"2739",,,,,,
"Zeferjahn, Ryan","666171","2105",,"2266","2472",,"2287",,,"2690",
"Plesac, Zach","668676","2020",,,"1979","1612","2086",,,,
"Dana, Caden","702674","2159",,"1911","2062","1333","2371",,,,
"Teng, Kai-Wei","678906","2495","2265",,"2690","1871","2478",,,"2718",
"Sabrowski, Erik","681870","2577",,,"2517",,"2624",,,,
"Snead, Kirby","669912","2393","2303",,"2703","2014",,,,,
"O'Brien, Riley","676617","2139","2106",,"2431",,"2366",,,,
"Mushinski, Parker","656786","2455","2390","2631",,,"2680",,,"2653",
"Ramirez, Nick","598286","2179","2033",,,"1548",,,,"2398",
"de Geus, Brett","676969","2280","2095","2308",,,"2375","1466",,,
"Strzelecki, Peter","657265","2458","2299","2650",,"1678",,,,"2947",
"Herget, Jimmy","623474","2326","2300",,"2636","1596","2930",,,,
"Duffey, Tyler","608648","2346","2396",,"2428","1645","2536",,,,
"Castellanos, Humberto","528748","2039","1921","2013",,"1235","2396",,,,
"Newcomb, Sean","656794","2376","2239",,,"1509","2899",,,,"2745"
"Dobnak, Randy","677976","2085","1921","1822","2353","1457",,,,,
"Peralta, Luis","678821","2201",,,,"1544","2099",,,,
"McMillon, John","669111","2225",,"2126","2250",,,,,,
"Matzek, Tyler","554431","2393","2364","2516","2708",,,,,,
"Feyereisen, J.P.","656420","2420","2427",,"2710","1580",,,,,
"Lucchesi, Joey","664192","2153","2147","2173",,,"2079","930",,,
"Wingenter, Trey","622259","2141",,,"2121",,,"1342",,,
"Lopez, Jacob","682052","2134",,"2211","2292","2148",,,,,
"Nittoli, Vinny","657697",,"2246","2569",,"1899","2650",,,"2683",
"Adon, Joan","672851","2174","2112",,"2116","1938","2297",,,,
"Strider, Spencer","675911","2260",,,"2249","2164","2589",,,,
"Castillo, Diego","650895","2030","2056",,"2370","1531",,,,,
"Halvorsen, Seth","678020","2242",,,"2342",,,"1649",,,
"Gray, Josiah","680686","2096","2042","1970","1904","1664","2369",,,"2348",
"O'Loughlin, Jack","672552","2221",,,"2398","1526","2421",,,,
"Junk, Janson","676083","2322","2182",,"2352",,"2533",,,"2492",
"Borucki, Ryan","621366",,"2329",,"2301","1934",,,,"2484",
"Warren, Austin","681810","2332","2211","2451",,,,,,"2778",
"deGrom, Jacob","594798","2504",,,"2647","1658","2698",,,,
"Rogers, Josh","642028","2179","2159","2278","2285","1518",,,,"2290",
"Carasiti, Matt","571539","2156","1990","2069",,,,,,,
"Vespi, Nick","663989",,,"2244","2576",,"2409",,,,
"Kilian, Caleb","668873","2133","2020","2204",,"1645","2306",,,"2232",
"Silseth, Chase","681217","2420","2381",,,,"2846","1109",,"2868",
"Cueto, Johnny","456501","2110","2041","2177","2186","1255","2219",,,,
"Bieber, Shane","669456","2304",,"2318","2491","1479","2274",,,,
"Legumina, Casey","668984","2332",,,"2544","1660",,,,"2627",
"Díaz, Jhonathan","646242","2129","2140",,"2679","1841","2771",,,,
"Bachar, Lake","669199","2718",,,,,,"1562",,"2890",
"Kitchen, Austin","685116","1915","1920",,,"1865","2374",,,"2313",
"Montgomery, Mason","682254","2321",,,"2518",,,,,,
"Kuhnel, Joel","669270","2169","2087",,"2399","1545","2225",,,,
"Espino, Paolo","502179","2198",,,,"1386","2979",,,"2767",
"Casparius, Ben","676508","2402","2284","2780",,,"3001",,,"3038",
"Bickford, Phil","641360","2190","2953",,"2248",,,,,,
"Jay, Tyler","664079","1994","1865","2177",,,,,,"2326",
"Hill, Jaden","677955","2286","2240",,"2429","1691",,,,,
"Herget, Kevin","643361","2209",,"2246","2265","2111",,,,,
"Gillaspie, Logan","670810","2234","2204","2299","2308","1539","2304",,,"2393",
"Parsons, Wes","641149","2334","2336",,"2688","1854","2496",,,,
"Winans, Allan","642216","2232","2228",,,"1881",,,,"2484",
"Klein, Will","694361","2157",,,"2198",,"2211",,,,
"Nelson, Kyle","669459","2159",,"2486","2647",,,,,,
"Gilbert, Tyler","656457","2148","2118","2252",,,"2338","1648",,"2420",
"Davis, Austin","656354",,"2308","2604",,,,,,"2583",
"Shugart, Chase","663767","2117","2132","2439",,"1737",,,,"2820",
"Winder, Josh","680739","2108","1883",,"2281","1377",,,,"2619",
"Rutledge, Jackson","671131","2396","2292","2191","1958",,"1511","1370",,,
"Hernandez, Nick","663321","2622",,,"2639",,,"1578",,,
"Gillispie, Connor","687362","2295",,"2475",,"1954",,,,"2468",
"Hartlieb, Geoff","664129","2489","2346","2666","2549",,,,,,
"Iriarte, Jairo","683568","2266",,,"2180","1985",,,,,
"Waldrep, Hurston","694462","2161",,,"2196",,"2006","690",,,
"Guerrero, Luis","692285","2235",,,,"1849",,,,"2602",
"Walters, Andrew","689958","2567",,,"2162",,,,,,
"Bermúdez, Jonathan","642834","2141",,,"2152","1969",,,,"2321",
"Raley, Brooks","548384",,"2361","2628",,"2008",,,,"2943",
"Campbell, Isaiah","663462","2421","2365",,"2687",,,,,"2715",
"Zastryzny, Rob","642239","2504",,"2503",,"1935",,,,"2330",
"Miley, Wade","489119","2258","2228","2289",,"1825","2480",,,"2482",
"Hartwig, Grant","701643","2244","2076","2194",,"1785",,,,"2588",
"Leibrandt, Brandon","605335","2134","2034",,"2318","1219",,,,"2537",
"Selby, Colin","681882","2163","2201",,"2530",,"2700",,,,
"Santos, Gregory","666619","2468","2432",,"2533","2394",,,,,
"Eisert, Brandon","685126","2097",,,"2186","1276","2362",,,,
"Heasley, Jonathan","669169","2222",,,"2154",,"2613",,,"2342",
"Foster, Matt","641582","2251",,,"2325","1727","2157",,,,
"Mederos, Victor","682989","2339","2317",,"2458","1851","2489",,,,
"Graceffo, Gordon","700669","1928",,,"2279","2161","2637",,,,
"Contreras, Luis","664351","2566","2496",,"2436","1634","2505",,,"2468",
"Brzykcy, Zach","694350","2188",,,,"1946","2637",,,,
"Garrett, Amir","607237","2144","1990",,"1832",,,,,,
"Robert, Daniel","642016","2523","2228","2521",,"2056",,,,"2676",
"Pint, Riley","666207","2282","2043",,"2503",,,,,,
"Graterol, Brusdar","660813","2112","2027","2144","2484","1962",,,,,
"Mattson, Isaac","676755","2357",,,"2040","1711",,,,,